[
  {
    "uri": "/fleet/up-1",
    "name": "Union Pacific Fleet 1",
    "customer": "/customer/union-pacific"
  },
  {
    "uri": "/fleet/up-2",
    "name": "Union Pacific Fleet 2",
    "customer": "/customer/union-pacific"
  },
  {
    "uri": "/fleet/up-3",
    "name": "Union Pacific Fleet 3",
    "customer": "/customer/union-pacific"
  },
  {
    "uri": "/fleet/up-4",
    "name": "Union Pacific Fleet 4",
    "customer": "/customer/union-pacific"
  }
, {
  "uri": "/fleet/up-5",
  "name": "Union Pacific Fleet 5",
  "customer": "/customer/union-pacific"
  },

  {
  "uri": "/fleet/bnsf-1",
  "name": "Burlington Northern Fleet 1",
  "customer": "/customer/burlington-northern-santa-fe"
  },
  {
    "uri": "/fleet/bnsf-2",
    "name": "Burlington Northern Fleet 2",
    "customer": "/customer/burlington-northern-santa-fe"
  },
  {
  "uri": "/fleet/bnsf-3",
  "name": "Burlington Northern Fleet 3",
  "customer": "/customer/burlington-northern-santa-fe"
  },
  {
    "uri": "/fleet/bnsf-4",
    "name": "Burlington Northern Fleet 4",
    "customer": "/customer/burlington-northern-santa-fe"
  },
  {
  "uri": "/fleet/bnsf-5",
  "name": "Burlington Northern Fleet 5",
  "customer": "/customer/burlington-northern-santa-fe"
  },
  {
    "uri": "/fleet/csx-1",
    "name": "CSX Fleet 1",
    "customer": "/customer/csx"
  },
  {
    "uri": "/fleet/csx-2",
    "name": "CSX Fleet 2",
    "customer": "/customer/csx"
  },
  {
    "uri": "/fleet/csx-3",
    "name": "CSX Fleet 3",
    "customer": "/customer/csx"
  },
  {
    "uri": "/fleet/ns-1",
    "name": "Norfolk Southern Fleet 1",
    "customer": "/customer/norfolk-southern"
  },
  {
    "uri": "/fleet/ns-2",
    "name": "Norfolk Southern Fleet 2",
    "customer": "/customer/norfolk-southern"
  },

  {
    "uri": "/fleet/cn-1",
    "name": "Canadian National Fleet 1",
    "customer": "/customer/canadian-national"
  },
  {
    "uri": "/fleet/cn-2",
    "name": "Canadian National Fleet 2",
    "customer": "/customer/canadian-national"
  },
  {
    "uri": "/fleet/cn-3",
    "name": "Canadian National Fleet 3",
    "customer": "/customer/canadian-national"
  },
  {
    "uri": "/fleet/cn-4",
    "name": "Canadian National Fleet 4",
    "customer": "/customer/canadian-national"
  },
  {
    "uri": "/fleet/cn-5",
    "name": "Canadian National Fleet 5",
    "customer": "/customer/canadian-national"
  },
  {
    "uri": "/fleet/cn-6",
    "name": "Canadian National Fleet 6",
    "customer": "/customer/canadian-national"
  },
  {
    "uri": "/fleet/cn-7",
    "name": "Canadian National Fleet 7",
    "customer": "/customer/canadian-national"
  },
  {
    "uri": "/fleet/cn-8",
    "name": "Canadian National Fleet 8",
    "customer": "/customer/canadian-national"
  }
]
